gender_prediction,percentage
Female,2.0591390569830543
Male,75.42156627886388
Unknown,22.519294664153065
