dataset,pct_women
Liquidated Debt Certs,1.1930208281552916
Loan Office Certs,7.289884664201756
Pierce Certs,0.06881365262868154
Post-1790,7.706139224248651
